symbol,quick_ratio,debt_to_equity,working_capital_ratio,price_to_earnings_ratio,earnings_per_share,return_on_equity,profit_margin
A,1.9682,0.8414,2.6114,33.1967,4.2200,0.2121,0.1815
AAPL,0.9444,4.6735,0.9880,37.0455,6.1600,1.5608,0.2531
ABBV,0.7638,11.9567,0.8721,70.8681,2.7300,0.4677,0.0895
ABNB,1.6592,1.5285,1.6592,17.4441,7.5200,0.5869,0.4832
ABT,1.1632,0.8856,1.6379,34.4545,3.3000,0.1474,0.1427
ACGL,0.9207,1.7062,0.5401,9.4841,11.9400,0.2421,0.3327
ACN,1.2983,0.9368,1.2983,30.8459,10.9000,0.2597,0.1072
ADBE,1.3434,0.8028,1.3434,43.7804,11.9300,0.3286,0.2797
ADI,0.8566,0.3720,1.3696,34.3606,6.6000,0.0932,0.2694
ADM,0.9543,1.2330,1.5951,9.5280,6.4400,0.1424,0.0371
ADP,1.0103,10.9542,1.0103,30.2418,9.1400,0.8251,0.1954
ADSK,0.8226,4.3434,0.8226,63.1891,4.2300,0.4884,0.1665
AEE,0.4329,2.5572,0.6520,19.5479,4.3800,0.1004,0.1536
AEP,0.3628,2.8236,0.5251,23.9789,4.2600,0.0873,0.1163
AES,0.6101,5.0141,0.6833,52.5000,0.3600,0.0334,0.0197
AFL,38.8095,4.9531,3.3145,13.8182,7.8100,0.2119,0.2491
AIG,15.2585,9.5126,3.5819,14.6932,5.0200,0.0710,0.0771
AIZ,7.0494,5.9935,4.4662,16.1622,12.0200,0.1336,0.0577
AJG,0.1622,3.7725,1.0338,61.2106,4.5100,0.0896,0.0963
AKAM,2.1588,1.1535,2.1588,27.7201,3.5900,0.1191,0.1437
ALB,0.8582,0.8904,1.4652,6.4154,13.4100,0.1628,0.1636
ALGN,1.0402,0.6758,1.1839,43.4450,5.8200,0.1226,0.1152
ALL,0.9793,0.4505,0.2561,-265.2778,-0.7200,-0.0107,-0.0033
ALLE,0.8543,2.2705,1.2604,22.8293,6.1500,0.4099,0.1480
AMAT,1.8207,0.8796,2.5973,23.5490,8.1600,0.4194,0.2586
AMCR,0.6886,3.1801,1.1652,21.3725,0.5100,0.1847,0.0535
AMD,1.8563,0.2146,2.5068,294.2453,0.5300,0.0153,0.0377
AME,0.5870,0.7209,0.9799,30.0175,5.7000,0.1504,0.1991
AMGN,1.1317,14.5895,1.6492,26.8615,12.5600,1.0778,0.2383
AMP,145.0547,52.5307,144.1343,19.0492,24.1800,0.7877,0.1645
AMT,0.5118,5.0769,0.5118,73.9182,3.1800,0.1365,0.1331
AMZN,0.8430,1.6148,1.0451,64.9492,2.9500,0.1507,0.0529
ANET,3.3751,0.3779,4.3937,56.9570,6.7500,0.2891,0.3562
ANSS,2.3047,0.3585,2.3047,55.5990,5.7600,0.0928,0.2205
AON,1.0024,-46.7668,1.0024,27.5421,12.6000,-3.4555,0.1913
AOS,1.0609,0.7425,1.5871,22.3423,3.7100,0.3018,0.1445
APA,0.8357,3.1300,1.0241,2.7044,9.2700,0.7735,0.3448
APD,1.1676,1.0435,1.3349,27.9321,10.3100,0.1469,0.1826
APH,1.4807,0.9612,2.1681,40.6852,1.6200,0.2288,0.1536
APTV,1.2234,1.0624,1.7153,6.6514,10.5000,0.2481,0.1465
ARE,-0.0012,0.6254,0.3907,224.5370,0.5400,0.0046,0.0359
ATO,0.4731,1.0715,0.6549,22.3869,6.1000,0.0815,0.2072
AVB,0.7645,0.7547,0.7645,35.0701,6.5600,0.0788,0.3289
AVGO,2.5589,2.0374,2.8153,50.4720,3.3900,0.5870,0.3931
AVY,0.6947,2.8582,1.0357,33.9615,6.2300,0.2364,0.0601
AWK,0.5937,2.0926,0.6457,30.1084,4.8900,0.0964,0.2230
AXON,2.6586,1.1320,2.9959,167.3575,2.3500,0.1081,0.1114
AXP,0.0119,7.6111,1.0193,23.9528,11.2300,0.2735,0.1387
AZO,0.1193,-4.6750,0.7965,22.1132,136.6000,-0.5813,0.1448
BA,0.3082,-8.9529,1.1403,-41.7684,-3.6700,0.1290,-0.0286
BAC,1.0952,9.9041,1.0234,12.9903,3.1000,0.0909,0.2690
BALL,0.5374,4.0308,0.7895,29.4711,2.2500,0.1843,0.0504
BAX,1.0420,2.3392,1.4762,-85.5333,-0.4500,0.3137,0.1793
BBWI,1.0900,-4.3598,1.6408,7.6052,3.8500,-0.5400,0.1182
BBY,0.3716,3.9024,0.9985,17.0702,5.7000,0.4065,0.0286
BDX,0.8136,1.0461,1.3064,46.9819,4.9700,0.0575,0.0766
BEN,4.1278,1.2191,4.1278,12.0988,1.7200,0.0650,0.1125
BG,1.1426,1.1474,2.1270,6.5561,15.0700,0.1898,0.0377
BIIB,1.2614,0.8139,1.9973,24.8579,8.0200,0.0785,0.1181
BK,0.6854,8.9967,1.7303,18.4627,3.8900,0.0801,0.1900
BKNG,1.2779,-9.8710,1.2779,34.2434,118.6800,-1.5630,0.2007
BKR,0.8627,1.3806,1.2548,18.6736,1.9300,0.1252,0.0762
BLDR,1.1122,1.2715,1.7713,16.3964,12.0600,0.3255,0.0901
BLK,15.4621,1.9877,15.4621,25.2046,36.8500,0.1334,0.2949
BMY,1.3075,2.2274,1.4271,12.7345,3.8800,0.2722,0.1783
BR,1.0623,2.8015,1.0838,35.1130,5.9300,0.3220,0.1073
BRO,1.0349,1.2818,1.0349,32.9023,3.0700,0.1195,0.2045
BSX,0.8169,0.7991,1.3205,77.7037,1.0800,0.0816,0.1119
BWA,1.3018,1.3826,1.6504,12.4627,2.6800,0.1030,0.0440
BX,1.2113,1.2292,1.2113,85.9348,1.8400,0.0769,0.1810
BXP,4.1856,2.1769,4.1856,66.9587,1.2100,0.0232,0.0581
C,1.8904,10.7395,0.3289,15.2678,4.0700,0.0447,0.1305
CAG,0.3290,1.4511,0.9715,44.2466,0.7300,0.0408,0.0288
CAH,0.5591,-15.0479,0.9788,32.1379,3.4800,-0.2653,0.0038
CARR,2.4036,2.6449,2.7253,49.6398,1.6100,0.1498,0.0610
CAT,0.8749,3.4853,1.3519,18.2223,20.2400,0.5299,0.1541
CB,0.0330,2.6219,0.0330,13.2299,21.9700,0.1417,0.1806
CBOE,1.4308,0.7427,1.4308,29.0796,7.1600,0.1515,0.2018
CBRE,1.1726,1.4868,1.1726,38.0000,3.2000,0.1087,0.0309
CCI,0.3992,0.9206,0.3992,33.3324,3.4600,0.0430,0.2152
CCL,0.4127,6.1375,0.4587,-324.2321,-0.0586,-0.0108,-0.0034
CDNS,1.1280,0.6654,1.2422,70.7390,3.8700,0.3058,0.2546
CDW,1.1093,5.5041,1.2321,27.4756,8.2000,0.5407,0.0517
CE,0.9482,2.5218,1.5270,7.0461,18.0100,0.2595,0.1792
CEG,1.0760,3.4974,1.3133,50.7928,5.0200,0.1438,0.0768
CF,3.4388,0.7169,3.8125,10.3435,7.8900,0.1821,0.2300
CFG,90.5465,8.1186,62.5168,13.2643,3.1400,0.0661,0.1955
CHD,0.6444,1.2226,1.0757,33.4628,3.0900,0.1960,0.1288
CHRW,1.4039,2.6832,1.4039,38.0292,2.7400,0.2292,0.0185
CHTR,0.3127,9.0009,0.3127,10.8186,30.5400,0.3096,0.0835
CI,0.6508,2.1914,0.7667,20.2698,17.5700,0.1114,0.0265
CINF,2.6163,1.6503,0.4510,11.4676,11.7400,0.1523,0.1841
CL,0.7055,16.1296,1.1135,37.0719,2.7800,2.4033,0.1182
CLX,0.6258,10.6890,1.0305,72.5911,2.2500,0.5691,0.0395
CMCSA,0.5967,2.1726,0.5967,10.7534,3.7300,0.1844,0.1266
CME,1.0158,3.7366,1.0158,24.0316,8.8700,0.1169,0.5783
CMG,1.5344,1.6270,1.5726,64.3034,0.8900,0.4013,0.1245
CMI,0.7379,2.2315,1.1779,59.3911,5.1900,0.0742,0.0216
CMS,0.6566,3.1252,0.9807,23.2027,3.0100,0.1092,0.1189
CNC,2.0683,2.2609,1.1100,15.2133,4.9700,0.1041,0.0175
CNP,0.5841,3.1083,0.7834,20.5620,1.3700,0.0949,0.1055
COF,3.1498,7.2367,1.5827,12.7112,11.9800,0.0841,0.0988
COO,1.0003,0.5440,1.7594,74.1544,1.4900,0.0390,0.0819
COP,1.2926,0.9465,1.4323,12.1002,9.0800,0.2223,0.1955
COR,0.5190,76.3566,0.8765,26.4629,8.6200,2.1532,0.0067
COST,0.5726,1.7534,1.0684,63.9619,14.1800,0.2511,0.0260
CPAY,0.5897,3.7150,1.0379,22.8920,13.4200,0.2991,0.2613
CPB,0.2248,3.0134,0.6124,8128.5713,0.0063,0.1494,0.0588
CPRT,6.7485,0.1165,6.8180,36.2254,1.4200,0.1804,0.3214
CPT,0.6517,0.8575,0.6517,33.7493,3.7100,0.0798,0.2608
CRL,1.1643,1.2397,1.5247,22.1996,9.2700,0.1297,0.1149
CRM,1.0202,0.7236,1.0202,62.7765,4.2500,0.0693,0.1187
CRWD,1.6724,1.8439,1.6724,810.4054,0.3700,0.0382,0.0292
CSCO,0.8252,1.7369,0.9083,20.3804,2.5500,0.2270,0.1918
CSGP,12.0143,0.2154,12.0143,84.0978,0.9200,0.0511,0.1526
CSX,0.9113,2.5416,1.0496,18.8811,1.8500,0.3062,0.2535
CTAS,0.8970,1.1966,1.1214,53.0286,3.8500,0.3641,0.1638
CTLT,1.9622,1.7062,2.5189,-10.4167,-5.7600,-0.2894,-0.2381
CTRA,1.1783,0.5850,1.2139,11.0561,2.1400,0.1245,0.2859
CTSH,2.2520,0.3974,2.2520,17.9667,4.2100,0.1607,0.1099
CTVA,0.8993,0.7009,1.5621,55.3654,1.0400,0.0291,0.0427
CVS,0.6293,2.2586,0.8569,8.8613,6.4900,0.1089,0.0234
CVX,1.0080,0.6157,1.2750,12.7677,11.4100,0.1320,0.1063
CZR,0.7431,6.0691,0.7602,11.3251,3.6600,0.1665,0.0682
D,0.9678,2.9606,1.0372,25.2969,2.2900,0.0724,0.1457
DAL,0.3390,5.6316,0.3887,6.5104,7.2100,0.4150,0.0794
DAY,0.1735,2.7574,1.1163,168.3143,0.3500,0.0229,0.0362
DD,1.7324,0.5592,2.4254,88.6596,0.9400,0.0171,0.0351
DE,1.6992,3.7559,1.8979,11.6669,34.7900,0.4645,0.1687
DECK,2.7350,0.4878,3.3938,5.1339,29.3600,0.3604,0.1771
DELL,0.6666,-36.5518,0.7413,26.9495,4.3600,-1.3906,0.0363
DFS,0.5641,9.2245,0.5641,12.6545,11.2600,0.1983,0.1427
DG,0.1511,3.9995,1.1911,11.3620,7.5700,0.2461,0.0429
DGX,1.2022,1.1848,1.3069,20.1568,7.5900,0.1331,0.0923
DHI,1.4759,0.4082,6.6191,13.7753,13.9300,0.2051,0.1338
DHR,1.3709,0.5795,1.6844,42.3339,6.4400,0.0891,0.1994
DIS,0.9891,0.8191,1.0522,72.6744,1.2900,0.0208,0.0265
DLR,0.7049,1.1010,0.7031,52.2039,3.0400,0.0452,0.1732
DLTR,0.2172,2.0115,1.3057,-15.7648,-4.5500,-0.1365,-0.0326
DOC,-0.0373,1.2670,0.4073,39.3036,0.5600,0.0442,0.1403
DOV,0.8660,1.2223,1.3562,25.0159,7.5600,0.2070,0.1252
DOW,1.1588,2.0337,1.7690,63.0610,0.8200,0.0308,0.0132
DPZ,1.3416,-1.4115,1.4932,28.0014,14.8000,-0.1275,0.1159
DRI,0.2428,4.7818,0.3753,19.8565,8.5700,0.4582,0.0902
DTE,0.4224,3.0484,0.6016,18.5044,6.7600,0.1264,0.1096
DUK,0.4905,2.5247,0.7388,32.8729,3.5400,0.0566,0.0978
DVA,1.1334,5.4226,1.1876,21.5223,7.6200,0.2521,0.0570
DVN,0.9861,1.0480,1.0705,6.9608,5.8600,0.3067,0.2475
DXCM,2.4848,2.0284,2.8444,50.3071,1.4000,0.2618,0.1495
EA,1.3744,0.7862,1.3744,29.6285,4.7100,0.1694,0.1683
EBAY,2.4372,2.3802,2.4372,12.0153,5.2200,0.4326,0.2752
ECL,0.9542,1.7064,1.2987,52.1660,4.8200,0.1700,0.0896
ED,0.9390,2.1350,1.0116,14.2749,7.2400,0.1191,0.1718
EFX,0.6732,1.6217,0.6732,67.3626,4.4400,0.1163,0.1036
EG,2.1570,2.5164,0.4654,6.4326,60.2400,0.1907,0.1726
EIX,0.7309,3.5563,0.7922,27.2939,3.1300,0.0784,0.0861
EL,1.0079,0.6458,1.3893,77.9908,1.0900,0.0144,0.0251
ELV,2.5451,1.7643,1.4364,21.2711,25.3800,0.1519,0.0349
EMN,0.6980,1.6461,1.3513,14.1419,7.5400,0.1617,0.0972
EMR,2.3476,0.6071,2.7462,4.5722,23.0000,0.4970,0.8717
ENPH,4.1880,2.4393,4.5892,35.6832,3.2200,0.4462,0.1916
EOG,2.1257,0.5613,2.4386,9.6427,13.0700,0.2703,0.3276
EPAM,4.7933,0.2538,4.7933,27.3232,7.2100,0.1201,0.0889
EQIX,0.0000,1.6092,1.1282,84.7536,10.3500,0.0775,0.1184
EQR,0.1670,0.7303,0.1670,34.8091,2.2000,0.0722,0.2946
EQT,0.5078,0.7107,0.9883,7.6382,4.5600,0.1174,0.3423
ERIE,1.3120,0.5901,1.3120,54.3852,9.5800,0.3105,0.1368
ES,0.5899,2.8810,0.6699,-52.8661,-1.2700,-0.0309,-0.0371
ESS,1.8910,1.1971,1.8788,48.4509,6.3200,0.0721,0.2431
ETN,1.0244,1.0154,1.5070,41.0174,8.0600,0.1688,0.1387
ETR,0.3203,3.0496,0.5723,11.6023,11.1400,0.1602,0.1945
EVRG,0.2884,2.3293,0.5093,19.3868,3.1800,0.0755,0.1333
EW,2.3988,0.3935,3.3760,28.9307,2.3100,0.2087,0.2335
EXC,0.7273,2.9428,0.8109,17.2094,2.3400,0.0904,0.1071
EXPD,1.8871,0.8917,1.8871,24.3921,5.0500,0.3148,0.0810
EXPE,0.7524,6.7681,0.7833,26.1891,5.5000,0.2861,0.0621
EXR,0.8548,0.7813,0.8548,38.0612,4.7400,0.0521,0.3137
F,1.0423,5.3860,1.1965,9.9817,1.0900,0.1016,0.0247
FANG,0.7391,0.6639,0.7690,10.4383,17.3400,0.1803,0.3769
FAST,2.2655,0.3327,4.5681,35.0248,2.0200,0.3449,0.1572
FCX,1.3766,0.9226,2.4187,34.7891,1.2800,0.0677,0.0814
FDS,1.6124,1.4364,1.6057,38.0024,12.2600,0.2889,0.2245
FDX,1.3173,2.1545,1.3633,14.6009,17.4400,0.1570,0.0494
FE,0.3817,3.4675,0.4768,22.9167,1.9200,0.1010,0.0856
FFIV,1.2309,0.8742,1.2553,33.2686,6.5900,0.1410,0.1404
FI,1.0375,1.9636,1.0375,35.3805,5.0200,0.1000,0.1607
FICO,1.5134,-3.2897,1.5134,112.6094,17.1800,-0.6241,0.2837
FIS,0.7527,1.8852,0.7527,-7.4654,-11.2600,-0.3484,-0.6775
FITB,0.3175,10.1921,0.2932,13.3870,3.2300,0.1225,0.1852
FMC,1.0059,1.6901,1.5154,5.8806,10.5500,0.2981,0.2945
FOX,2.3289,0.9873,2.5410,11.8726,3.1400,0.1358,0.1074
FOXA,2.3289,0.9873,2.5410,12.8057,3.1400,0.1358,0.1074
FRT,1.5661,1.6155,1.5504,40.3679,2.8000,0.0735,0.2093
FSLR,2.7736,0.5499,3.5484,30.8740,7.7800,0.1242,0.2503
FTNT,1.0604,-16.6644,1.1907,52.2313,1.4700,-2.4769,0.2164
FTV,1.7215,0.6379,2.0212,31.0325,2.4600,0.0839,0.1427
GD,0.9151,1.5734,1.4371,25.2776,12.1400,0.1556,0.0784
GDDY,0.5155,120.6222,0.4681,17.3193,9.2700,22.1029,0.3244
GE,0.8505,4.7049,1.1754,22.2073,8.4400,0.3317,0.1395
GEHC,0.8295,3.4397,1.0478,29.6974,3.0400,0.2145,0.0802
GEN,0.5128,6.1789,0.5128,27.2990,0.9700,0.2804,0.1616
GEV,0.6543,4.5037,0.9000,-152.4596,-1.6100,-0.0523,-0.0132
GILD,1.1603,1.7373,1.4587,18.4890,4.5400,0.2499,0.2089
GIS,0.3814,2.2616,0.6513,17.1682,4.3400,0.2588,0.1257
GL,1.3442,5.2520,0.7992,10.4074,10.2100,0.2164,0.1782
GLW,1.0526,1.4014,1.6698,64.4928,0.6900,0.0490,0.0462
GM,0.9017,2.9976,1.0759,6.6503,7.3500,0.1483,0.0589
GNRC,0.9426,1.1677,2.2681,42.8278,3.3100,0.0864,0.0505
GOOG,2.0966,0.4200,2.0966,28.1918,5.8400,0.2604,0.2401
GOOGL,2.0966,0.4200,2.0966,28.0120,5.8400,0.2604,0.2401
GPC,0.6298,3.0680,1.2273,14.6077,9.3800,0.2981,0.0570
GPN,0.9928,1.1259,0.9936,29.2831,3.7800,0.0415,0.1022
GRMN,2.3790,0.2270,3.4060,25.3709,6.7400,0.1839,0.2467
GS,1.2009,12.9987,0.8735,21.4841,23.2000,0.0726,0.1841
GWW,1.6428,1.2493,2.8804,28.1643,36.6500,0.4855,0.1110
HAL,1.4831,1.6167,2.0583,10.0580,2.9300,0.2797,0.1146
HAS,0.9685,5.0174,1.1299,-6.6365,-10.7300,-1.3701,-0.2977
HBAN,71.0387,8.7622,43.3274,11.7937,1.2600,0.1006,0.2651
HCA,1.0198,52.0292,1.1795,21.0322,19.2400,4.9453,0.0807
HD,0.3997,72.3046,1.3525,25.7164,15.1600,14.5048,0.0992
HES,0.9560,1.5002,1.0489,29.7345,4.5200,0.1439,0.1291
HIG,1.9326,3.5734,0.3280,14.3782,8.0900,0.1634,0.1021
HII,0.8885,1.7400,0.9499,15.6714,17.0700,0.1664,0.0595
HLT,0.6470,-7.5620,0.7023,51.5229,4.3600,-0.4862,0.1115
HOLX,2.9544,0.8217,3.4660,43.9946,1.8500,0.0909,0.1131
HON,0.9345,2.7422,1.2677,23.8394,8.5300,0.3441,0.1544
HPE,0.6554,1.6911,0.8659,12.0577,1.5600,0.0953,0.0695
HPQ,0.4539,-35.6155,0.7341,10.5653,3.2900,-3.0524,0.0607
HRL,0.6994,0.7374,1.4263,21.9103,1.4500,0.1025,0.0655
HSIC,0.9963,1.0518,1.6728,22.3742,3.1800,0.0807,0.0337
HST,1.0684,0.7936,1.0684,18.0096,1.0400,0.1084,0.1393
HSY,0.5222,1.9038,0.9680,21.4994,9.0900,0.4542,0.1668
HUBB,1.0082,1.3930,1.6376,30.1280,14.1400,0.2630,0.1414
HUM,1.9455,0.6259,0.2487,15.4510,20.0900,0.1525,0.0234
HWM,0.8694,1.5831,1.8587,52.6757,1.8500,0.1895,0.1152
IBM,0.9012,4.9807,0.9352,26.4520,8.2300,0.3318,0.1213
ICE,0.0565,4.2774,1.0041,38.0571,4.2000,0.0918,0.2391
IDXX,1.1717,1.1959,1.5714,49.8269,10.1700,0.5692,0.2308
IEX,2.0498,0.6563,2.8909,26.4886,7.8800,0.1683,0.1821
IFF,1.0154,1.1157,1.6746,-10.1620,-10.0600,-0.1752,-0.2235
INCY,3.6944,0.3068,3.7451,24.6217,2.6700,0.1151,0.1617
INTC,1.1458,0.7421,1.5424,54.6000,0.4000,0.0154,0.0311
INTU,1.2920,0.7429,1.2920,60.9631,10.5800,0.1607,0.1819
INVH,0.3032,0.8862,5.7053,65.5273,0.5500,0.0510,0.2136
IP,1.1920,1.7841,1.6691,55.9885,0.8700,0.0345,0.0152
IPG,0.7742,3.7619,1.0600,10.8776,2.8600,0.2715,0.1009
IQV,0.8621,3.3653,0.8621,32.7632,7.3900,0.2222,0.0905
IR,1.6687,0.5806,2.2166,50.4010,1.9200,0.0791,0.1132
IRM,0.7761,43.8368,0.7761,183.1111,0.6300,0.4727,0.0336
ISRG,4.0197,0.1526,4.7555,94.9609,5.1200,0.1342,0.2524
IT,0.9090,10.5127,0.9074,45.9794,11.1700,1.2965,0.1494
ITW,0.9686,4.1503,1.3337,26.0307,9.7700,0.9814,0.1836
IVZ,0.7585,0.8179,2.2981,-81.7619,-0.2100,-0.0061,-0.0170
JBHT,1.1480,1.1457,1.1717,24.0071,7.0400,0.1775,0.0568
JBL,0.7502,5.7750,1.1603,10.0494,11.3400,0.4841,0.0481
K,0.4125,3.6367,0.6581,29.0683,2.7800,0.2823,0.0725
KEYS,1.8663,0.8657,2.3470,25.6599,5.9400,0.2271,0.1934
KLAC,1.4411,3.5820,2.0922,37.1803,20.4100,0.8200,0.2820
KMX,0.6697,3.5318,2.2604,25.1155,3.0300,0.0789,0.0181
KO,0.9464,2.5554,1.1341,28.8871,2.4800,0.3899,0.2342
KR,0.3639,3.3535,0.8063,18.5251,2.9900,0.1865,0.0144
L,633.0196,3.7926,21.0686,12.4667,6.3000,0.0868,0.0915
LDOS,1.2358,1.9814,1.3395,108.3172,1.4500,0.0467,0.0129
LEN,2.6982,0.4693,6.8064,13.2695,13.7300,0.1457,0.1136
LH,1.0203,1.1197,1.1675,46.2958,4.8000,0.0530,0.0344
LHX,0.8046,1.2140,0.9885,36.0448,6.4700,0.0652,0.0632
LIN,0.6684,0.9664,0.8030,37.1583,12.7000,0.1508,0.1887
LKQ,0.5265,1.4396,1.4671,11.3665,3.5200,0.1514,0.0675
LLY,0.7311,4.8918,0.9426,158.3316,5.8200,0.4824,0.1536
LMT,1.0267,6.6746,1.2116,20.6843,27.6500,1.0124,0.1024
LNT,0.4032,2.2445,0.5521,21.4820,2.7800,0.1037,0.1746
LOW,0.1398,-3.8808,1.2250,19.6480,13.2400,-0.5134,0.0894
LRCX,1.9973,1.1951,2.9696,26.5427,29.1300,0.4482,0.2568
LULU,1.6778,0.6758,2.4892,21.4726,12.2300,0.3663,0.1612
LUV,1.0728,2.4700,1.1386,37.2308,0.7800,0.0442,0.0178
LVS,1.2978,4.3065,1.3064,26.2375,1.6000,0.2975,0.1177
LW,0.5610,3.1207,1.2869,13.0619,5.0100,0.4058,0.1122
LYB,-0.1902,1.8335,0.4762,14.5123,6.4800,0.1619,0.0514
LYV,0.9571,11.8803,0.9616,42.1301,2.4600,0.3804,0.0248
MA,1.1658,5.0666,1.1658,41.5464,11.8600,1.6000,0.4461
MAA,0.0973,0.8232,0.0973,34.4926,4.7100,0.0878,0.2573
MAR,0.4266,2.2251,0.4266,23.8895,10.2300,0.2603,0.1300
MAS,1.0820,45.2328,1.6850,20.3243,4.0400,7.8276,0.1140
MCD,1.1567,-12.9291,1.1644,25.5228,11.6300,-1.7993,0.3322
MCHP,0.6736,1.3842,1.1959,21.8778,3.5200,0.2864,0.2498
MCK,0.5125,-43.1782,0.9162,22.5377,22.5400,-1.8774,0.0097
MCO,1.6900,3.2066,1.6900,56.4036,8.7700,0.4623,0.2716
MDLZ,0.4254,1.5168,0.6155,20.4066,3.6400,0.1748,0.1377
MDT,1.5495,0.7846,2.0331,32.2527,2.7700,0.0729,0.1136
MET,1315.1068,21.7278,977.5113,44.4231,1.8200,0.0522,0.0238
META,2.6710,0.4992,2.6710,36.9552,15.1900,0.2553,0.2898
MGM,1.5255,8.7009,1.5709,11.5870,3.2200,0.2615,0.0707
MHK,0.9703,0.7774,1.7814,-22.8406,-6.9000,-0.0576,-0.0395
MKC,0.2824,1.5302,0.6459,32.6732,2.5400,0.1339,0.1022
MKTX,2.4812,0.8343,2.3100,37.4483,6.8700,0.2982,0.3437
MLM,2.5041,0.9264,3.3489,28.1883,19.3800,0.1455,0.1725
MMC,0.5534,2.8828,1.0987,29.4145,7.6000,0.3036,0.1652
MMM,0.7555,9.3903,1.0707,-10.6706,-12.6300,-1.4369,-0.2140
MNST,3.9749,0.1772,4.8111,32.8077,1.5600,0.1982,0.2284
MO,0.3861,-12.0516,0.4934,11.0263,4.5700,-2.3295,0.3965
MOH,1.5355,2.5331,1.5355,18.5838,18.9100,0.2588,0.0320
MOS,0.5736,0.8526,1.2249,7.2614,3.5200,0.0937,0.0851
MPC,1.1322,1.7839,1.5946,6.9188,23.7600,0.3083,0.0652
MPWR,6.1089,0.1918,7.7414,99.2561,8.9800,0.2085,0.2347
MRK,1.0045,1.8345,1.2520,836.9286,0.1400,0.0097,0.0061
MRNA,3.3575,0.3300,3.4245,-5.3233,-12.3400,-0.3403,-0.6980
MRO,0.3526,0.7470,0.4001,10.9102,2.5600,0.1387,0.2425
MS,3.9371,10.9391,0.4111,19.5553,5.2400,0.0909,0.1695
MSCI,0.8934,-8.4594,0.9348,38.1599,14.4500,-1.5526,0.4542
MSFT,1.2650,0.9077,1.2750,36.7007,11.8600,0.3283,0.3596
MSI,0.8441,17.0460,0.9883,43.2620,10.2300,2.3126,0.1713
MTB,13.2654,6.7258,5.3853,11.3287,15.8500,0.1017,0.2917
MTCH,2.3907,-237.3491,2.3907,15.3814,2.3600,-34.1603,0.1937
MTD,0.7149,-23.3796,1.0416,38.9504,36.1000,-5.2607,0.2082
MU,2.6982,0.4563,4.4583,129.8571,0.7000,0.0176,0.0310
NCLH,0.1305,63.8023,0.1566,53.5641,0.3900,0.5524,0.0194
NDAQ,1.0101,1.9834,1.0079,35.3762,2.1000,0.0978,0.1746
NDSN,1.3306,1.0214,2.1119,29.9274,8.5400,0.1876,0.1855
NEE,0.4740,2.0724,0.5493,22.9252,3.6100,0.1265,0.2600
NEM,0.8119,0.9006,1.2524,-18.1567,-3.0000,-0.0863,-0.2141
NFLX,1.0732,1.3670,1.1193,57.2269,12.2500,0.2627,0.1604
NI,0.7590,2.0659,0.8546,21.4340,1.5900,0.0705,0.1297
NKE,1.6863,1.6410,2.3961,23.1957,3.7300,0.3950,0.1110
NOC,1.0548,2.1459,1.1477,38.6979,13.5700,0.1390,0.0523
NOW,0.9933,1.2794,1.0559,110.5377,8.4800,0.2269,0.1930
NRG,0.9600,7.9601,1.0239,-97.8539,-0.8900,-0.0695,-0.0070
NSC,1.1425,2.2589,1.2428,30.8284,8.0400,0.1429,0.1503
NTAP,1.1305,7.6274,1.1758,25.7848,4.7400,0.8604,0.1573
NTRS,1.6429,11.6731,1.5773,18.0550,5.0900,0.0931,0.0914
NUE,2.3524,0.5974,3.5664,8.1058,18.0500,0.2045,0.1303
NVDA,3.6744,0.5293,4.1713,95.8678,1.2100,0.6924,0.4885
NVR,2.6534,0.5125,4.2483,19.2729,491.5200,0.3647,0.1712
NWS,1.3342,0.8515,1.4311,58.8936,0.4700,0.0295,0.0264
NWSA,1.3342,0.8515,1.4311,56.0426,0.4700,0.0295,0.0264
NXPI,1.3938,1.7180,1.9129,21.4109,10.8300,0.3122,0.2107
O,1.5160,0.7452,1.5326,48.9127,1.2600,0.0263,0.2139
ODFL,2.1320,0.2947,2.0992,34.2703,5.6600,0.2911,0.2113
OKE,0.6724,1.8737,0.9003,17.1166,5.4900,0.1613,0.1522
OMC,0.8643,5.0445,0.9470,14.6562,6.9800,0.2809,0.0887
ON,1.7405,0.6941,2.7076,13.7219,5.0700,0.2799,0.2646
ORCL,0.7044,14.2588,0.7150,44.0945,3.8100,1.1329,0.1976
ORLY,0.1175,-9.3965,0.7255,NULL,0.0000,0.0000,0.0000
OTIS,0.8933,-3.1434,0.9878,27.9298,3.4200,-0.2979,0.0990
OXY,0.6945,1.4386,0.9155,12.2370,4.2200,0.1236,0.1327
PANW,0.8435,2.8669,0.8435,42.1462,8.0700,0.4986,0.3211
PARA,1.1691,1.3229,1.3156,-11.1505,-0.9300,-0.0264,-0.0205
PAYC,1.1094,2.2214,1.1100,28.8054,5.9100,0.2615,0.2012
PAYX,1.3659,1.7317,1.3659,28.4136,4.6900,0.4447,0.3203
PCAR,1.2043,1.5709,1.4901,11.2654,8.7800,0.2897,0.1310
PCG,0.7805,3.9699,0.8307,18.4220,1.0900,0.0892,0.0924
PEG,0.4647,2.2785,0.6670,16.8466,5.1500,0.1656,0.2281
PEP,0.6830,4.3922,0.8516,25.9757,6.5900,0.4869,0.0992
PFE,0.6935,1.5367,0.9067,77.4211,0.3800,0.0237,0.0362
PFG,3.1677,26.8057,0.2389,33.1822,2.5800,0.0569,0.0456
PG,0.5262,1.4203,0.7348,28.1909,6.1800,0.2943,0.1770
PGR,3.4842,3.1587,0.8056,39.2194,6.6100,0.1925,0.0629
PH,0.5486,1.4251,0.9296,28.1866,22.1300,0.2354,0.1427
PHM,2.2952,0.5493,9.8691,12.0322,11.7900,0.2506,0.1620
PKG,1.7708,1.2218,2.5712,24.9883,8.5200,0.1914,0.0981
PLD,0.5507,0.6087,0.5507,38.9658,3.2200,0.0529,0.3813
PLTR,5.5476,0.2700,5.5476,380.7574,0.0977,0.0589,0.0943
PM,0.3404,-7.9134,0.7488,24.0618,5.0200,-0.8271,0.2221
PNC,1.0455,1.4223,0.4809,14.5822,12.7800,0.1091,0.2593
PNR,0.9386,1.0401,1.6523,25.1459,3.7700,0.1936,0.1517
PNW,0.4961,2.9239,0.6669,20.4253,4.4200,0.0798,0.1068
PODD,2.5791,2.5324,3.4714,79.9375,2.9600,0.2816,0.1216
POOL,0.5837,1.6113,2.3553,27.0907,13.4500,0.3986,0.0944
PPG,1.0495,1.6981,1.4703,23.5130,5.3800,0.1583,0.0696
PPL,0.7266,1.8160,0.8778,32.4600,1.0000,0.0531,0.0890
PRU,3181.1600,23.2093,7.7680,17.9527,6.7600,0.0835,0.0458
PSA,0.6177,0.9600,0.6177,32.5581,11.1100,0.2126,0.4755
PSX,1.0211,1.3403,1.2576,8.3528,15.5600,0.2144,0.0476
PTC,1.8742,1.3490,1.6132,84.9758,2.0700,0.0917,0.1171
PWR,1.4389,1.5842,1.4726,56.7037,5.1300,0.1185,0.0357
PYPL,1.2909,2.9032,1.2910,19.9377,3.8500,0.2017,0.1426
QCOM,1.6662,1.3650,2.3332,26.1082,6.4700,0.3351,0.2019
QRVO,1.4109,0.8431,1.9885,-142.0278,-0.7200,-0.0198,-0.0187
RCL,0.1642,6.1711,0.1906,26.2519,6.6300,0.3464,0.1221
REG,0.0045,0.7279,0.6367,35.0931,2.0400,0.0507,0.2757
REGN,4.9362,0.2736,5.6900,30.9050,37.0500,0.1522,0.3014
RF,0.0877,7.7003,0.0656,10.9526,2.1100,0.1186,0.2331
RJF,0.8406,6.6922,3.8588,15.2341,8.1600,0.1707,0.1516
RL,1.6750,1.6946,2.2899,18.6993,9.9100,0.2638,0.0975
RMD,1.6861,0.4129,2.5890,35.2939,6.9400,0.2099,0.2179
ROK,2.5841,2.0197,3.7049,21.7456,12.0300,0.3414,0.1411
ROL,0.6472,1.2460,0.7051,56.3483,0.8900,0.3764,0.1415
ROP,0.4599,0.6147,0.4999,43.5969,12.8000,0.0793,0.2241
ROST,1.2437,1.9356,1.7674,27.6047,5.5900,0.3848,0.0920
RSG,0.5401,1.9791,0.5631,36.8172,5.4700,0.1642,0.1157
RTX,0.7836,1.6344,1.0354,52.7455,2.2400,0.0520,0.0464
RVTY,1.7739,0.7230,2.0691,85.3403,1.4400,0.0228,0.0653
SBAC,0.3552,-2.9818,0.3552,51.6099,4.6400,-0.0977,0.1851
SBUX,0.5882,-4.6863,0.7815,26.6806,3.6000,-0.5163,0.1146
SCHW,21.9503,13.6293,21.9503,25.6431,2.5500,0.1519,0.2690
SHW,0.4803,5.1417,0.8319,40.4834,9.3500,0.6429,0.1036
SJM,0.2467,1.6714,0.5230,16.6070,7.1500,0.0967,0.0910
SLB,0.9952,1.2453,1.3227,14.3763,2.9500,0.1968,0.1268
SMCI,1.9329,0.8179,3.7666,21.0433,21.7300,0.2209,0.0809
SNA,2.8102,0.4813,3.8785,14.8189,19.1100,0.1985,0.1979
SNPS,1.0401,0.6709,1.1491,62.7042,8.0800,0.1989,0.2105
SO,0.5257,2.9555,0.7746,24.6429,3.6400,0.1129,0.1574
SOLV,1.1558,3.2174,1.6465,17.4439,4.0100,0.2030,0.0840
SPG,0.4107,8.2970,1.0383,NULL,0.0000,0.0000,0.0000
SPGI,0.8395,0.5903,0.8397,63.4751,8.2500,0.0689,0.2101
SRE,0.4944,1.5905,0.5421,17.2931,4.8100,0.0914,0.1946
STE,2.3569,0.7519,3.0813,61.8747,3.8300,0.0599,0.0736
STLD,1.6693,0.6950,2.9104,8.1406,14.7200,0.2773,0.1304
STT,68.7853,11.4904,19.6914,15.6637,5.6500,0.0817,0.1627
STX,0.6754,-6.1905,1.0752,65.4625,1.6000,-0.2247,0.0511
STZ,0.5256,1.5527,1.1871,26.3365,9.4200,0.1716,0.1734
SW,1.1303,1.2655,1.5148,14.9088,3.1800,0.1503,0.0743
SWK,0.3873,1.6130,1.1928,-54.0051,-1.9800,-0.0327,-0.0188
SWKS,1.5239,0.3854,2.5884,15.8444,6.1700,0.1616,0.2059
SYF,21.7145,6.6284,3.3503,9.7083,5.2100,0.1432,0.1642
SYK,0.9689,1.1466,1.5804,43.7422,8.3400,0.1702,0.1544
SYY,0.6888,12.1766,1.1950,19.2795,3.9000,1.0338,0.0248
T,0.6705,2.4088,0.7131,10.9340,1.9700,0.1206,0.1176
TAP,0.5000,0.9631,0.6960,12.4123,4.3900,0.0706,0.0811
TDG,3.2438,-11.0961,4.2673,63.9142,22.0300,-0.6562,0.1971
TDY,1.1685,0.5747,1.6881,22.9856,18.8000,0.0960,0.1569
TECH,2.7462,0.3598,3.8739,73.1776,1.0700,0.0813,0.1450
TEL,1.1965,0.8629,1.7683,24.4406,6.0600,0.1639,0.1191
TER,2.0453,0.3804,3.2761,44.3127,2.9100,0.1777,0.1677
TFC,0.4244,8.0962,0.3666,-51.6098,-0.8200,-0.0184,-0.0327
TFX,1.2875,0.6961,2.3196,31.9921,7.5800,0.0802,0.1198
TGT,0.2907,3.1212,0.9064,17.2520,8.9700,0.3081,0.0385
TJX,0.6410,3.0738,1.2118,30.2385,3.9000,0.6127,0.0825
TMO,1.3917,1.1076,1.7549,39.5164,15.5300,0.1280,0.1399
TMUS,0.8284,2.2092,0.9086,28.4103,7.0200,0.1285,0.1059
TPR,4.6617,3.6244,5.1435,11.9579,3.5600,0.2817,0.1223
TRGP,0.6603,3.7781,0.7949,41.0833,3.7200,0.1813,0.0535
TRMB,0.8720,1.1198,1.0009,46.4841,1.2600,0.0692,0.0819
TROW,6.0427,0.1931,6.0427,13.9190,7.7800,0.1738,0.2769
TRV,2.2607,3.7180,0.4374,18.4478,12.9300,0.1200,0.0723
TSCO,0.2839,3.2740,1.4992,27.0828,10.1500,0.5150,0.0761
TSLA,1.2519,0.6761,1.7259,50.3700,4.7300,0.2358,0.1550
TSN,0.5222,0.9858,1.3421,-32.1604,-1.8700,-0.0355,-0.0123
TT,0.7794,1.7636,1.1349,43.4949,8.8500,0.2884,0.1145
TTWO,0.9390,1.1555,0.9390,-6.7597,-22.0100,-0.6606,-0.6999
TXN,3.3503,0.9144,4.5548,28.5133,7.1300,0.3853,0.3716
TXT,1.0258,1.4125,1.9198,19.0694,4.6100,0.1318,0.0673
TYL,0.8596,0.5918,0.8596,146.2785,3.9500,0.0565,0.0850
UAL,0.7623,6.6259,0.8326,6.5294,7.9900,0.2808,0.0487
UBER,1.1949,2.0515,1.1949,79.5054,0.9300,0.1488,0.0506
UDR,0.3106,1.2965,0.3106,34.0448,1.3400,0.0897,0.2730
UHS,1.2886,1.3149,1.3964,22.9971,10.3500,0.1157,0.0503
ULTA,0.6600,1.5038,1.7106,15.3556,26.1800,0.5664,0.1152
UNH,1.4844,1.8146,0.7919,23.8391,24.1200,0.2263,0.0609
UNP,0.6669,3.5396,0.8124,23.4374,10.4700,0.4314,0.2645
UPS,1.0454,3.0925,1.0983,16.4661,7.8100,0.3874,0.0737
URI,0.7501,2.1475,0.8064,22.1356,35.4000,0.2982,0.1691
USB,17.4739,10.8967,12.1320,14.0703,3.2700,0.0973,0.1938
V,1.4517,1.3365,1.4517,34.3510,8.2900,0.4460,0.5290
VICI,27.3917,0.7172,28.2228,13.3347,2.4800,0.0980,0.6959
VLO,1.1093,1.2607,1.5606,5.3892,24.9500,0.3097,0.0610
VLTO,1.4040,3.0986,1.6387,32.1026,3.4100,0.6040,0.1671
VMC,2.3938,0.9374,3.1656,35.9046,7.0200,0.1243,0.1199
VRSK,0.9406,12.5509,1.0502,63.2100,4.1900,1.9069,0.2291
VRSN,0.8316,-2.1063,0.8316,22.9102,7.9100,-0.5171,0.5476
VRTX,3.7789,0.2929,3.9872,33.0904,14.0500,0.2059,0.3679
VST,1.1093,5.1943,1.1847,29.7190,3.6300,0.2805,0.1010
VTR,0.7343,1.5110,0.7343,-621.7000,-0.1000,-0.0042,-0.0091
VTRS,1.1262,1.3298,1.5724,249.7807,0.0456,0.0027,0.0036
VZ,0.6530,3.0539,0.6917,16.0616,2.7600,0.1238,0.0867
WAB,0.6339,0.8043,1.1970,39.3026,4.5600,0.0774,0.0842
WAT,1.5662,3.0222,2.2200,30.9623,10.8700,0.5583,0.2172
WBA,0.2953,2.3916,0.6319,-2.4398,-3.5700,-0.1081,-0.0221
WBD,0.9278,1.6415,0.9273,-6.4375,-1.2800,-0.0673,-0.0756
WDC,0.7751,1.2359,1.3241,-27.2449,-2.4500,-0.0738,-0.0614
WEC,0.3950,2.6400,0.5466,22.4455,4.2200,0.1104,0.1499
WELL,4.4485,0.6689,4.4485,236.3585,0.5300,0.0129,0.0513
WFC,8.9608,9.3096,1.5936,11.5348,4.8800,0.1021,0.2318
WM,0.8592,3.7597,0.9001,35.8699,5.6900,0.3341,0.1128
WMB,0.7271,2.5341,0.7741,17.3870,2.6100,0.2135,0.2915
WMT,0.2379,1.7868,0.8319,41.1771,1.9200,0.1713,0.0239
WRB,0.4552,3.4059,0.4295,16.8971,3.4000,0.1849,0.1141
WST,2.2353,0.3292,2.8824,38.5670,7.9900,0.2060,0.2012
WTW,1.0636,2.0324,1.0636,28.6915,10.0500,0.1100,0.1113
WY,2.2170,0.4730,2.9353,28.9043,1.1500,0.0588,0.1093
WYNN,1.8933,-13.7130,1.9276,12.2820,6.4900,-0.6631,0.1118
XEL,0.5941,2.6375,0.7199,19.9782,3.2100,0.1005,0.1247
XOM,1.0945,0.7706,1.4791,12.9663,8.8900,0.1694,0.1079
XYL,1.2998,0.5833,1.7615,47.9751,2.8100,0.0598,0.0827
YUM,1.2788,-1.7929,1.2600,22.8363,5.6800,-0.2032,0.2257
ZBH,0.7784,0.7214,1.6132,21.6741,4.9100,0.0820,0.1385
ZBRA,0.5432,1.4065,1.0463,63.6736,5.7600,0.0975,0.0644
ZTS,2.0005,1.8624,3.3579,37.9213,5.0800,0.4696,0.2743
